CREATE TABLE DEPT (
  DEPTNO number NOT NULL,
  DNAME varchar(14) DEFAULT NULL,
  LOC varchar(13) DEFAULT NULL,
  PRIMARY KEY (DEPTNO)
);

INSERT INTO DEPT (DEPTNO, DNAME, LOC) VALUES (10, 'ACCOUNTING', 'NEW YORK');
INSERT INTO DEPT (DEPTNO, DNAME, LOC) VALUES(20, 'RESEARCH', 'DALLAS');
INSERT INTO DEPT (DEPTNO, DNAME, LOC) VALUES(30, 'SALES', 'CHICAGO');
INSERT INTO DEPT (DEPTNO, DNAME, LOC) VALUES(40, 'OPERATIONS', 'BOSTON');

CREATE TABLE EMP (
  EMPNO number NOT NULL PRIMARY KEY,
  ENAME varchar(10) DEFAULT NULL,
  JOB varchar(9) DEFAULT NULL,
  MGR number DEFAULT NULL,
  HIREDATE date DEFAULT NULL,
  SAL number DEFAULT NULL,
  COMM number DEFAULT NULL,
  DEPTNO number DEFAULT NULL,
  FOREIGN KEY (deptno) REFERENCES Dept(deptno)
);

INSERT INTO EMP (EMPNO, ENAME, JOB, MGR, HIREDATE, SAL, COMM, DEPTNO) VALUES (7369, 'SMITH', 'CLERK', 7902, '1980-12-17', 800, NULL, 20);
INSERT INTO EMP (EMPNO, ENAME, JOB, MGR, HIREDATE, SAL, COMM, DEPTNO) VALUES (7499, 'ALLEN', 'SALESMAN', 7698, '1981-02-20', 1600, 300, 30);
INSERT INTO EMP (EMPNO, ENAME, JOB, MGR, HIREDATE, SAL, COMM, DEPTNO) VALUES (7521, 'WARD', 'SALESMAN', 7698, '1981-02-22', 1250, 500, 30);
INSERT INTO EMP (EMPNO, ENAME, JOB, MGR, HIREDATE, SAL, COMM, DEPTNO) VALUES (7566, 'JONES', 'MANAGER', 7839, '1981-04-02', 2975, NULL, 20);
INSERT INTO EMP (EMPNO, ENAME, JOB, MGR, HIREDATE, SAL, COMM, DEPTNO) VALUES (7654, 'MARTIN', 'SALESMAN', 7698, '1981-09-28', 1250, 1400, 30);
INSERT INTO EMP (EMPNO, ENAME, JOB, MGR, HIREDATE, SAL, COMM, DEPTNO) VALUES (7698, 'BLAKE', 'MANAGER', 7839, '1981-05-01', 2850, NULL, 30);
INSERT INTO EMP (EMPNO, ENAME, JOB, MGR, HIREDATE, SAL, COMM, DEPTNO) VALUES (7782, 'CLARK', 'MANAGER', 7839, '1981-06-09', 2450, NULL, 10);
INSERT INTO EMP (EMPNO, ENAME, JOB, MGR, HIREDATE, SAL, COMM, DEPTNO) VALUES (7788, 'SCOTT', 'ANALYST', 7566, '1987-04-19', 3000, NULL, 20);
INSERT INTO EMP (EMPNO, ENAME, JOB, MGR, HIREDATE, SAL, COMM, DEPTNO) VALUES (7839, 'KING', 'PRESIDENT', NULL, '1981-11-17', 5000, NULL, 10);
INSERT INTO EMP (EMPNO, ENAME, JOB, MGR, HIREDATE, SAL, COMM, DEPTNO) VALUES (7844, 'TURNER', 'SALESMAN', 7698, '1981-09-08', 1500, 0, 30);
INSERT INTO EMP (EMPNO, ENAME, JOB, MGR, HIREDATE, SAL, COMM, DEPTNO) VALUES (7876, 'ADAMS', 'CLERK', 7788, '1987-05-23', 1100, NULL, 20);
INSERT INTO EMP (EMPNO, ENAME, JOB, MGR, HIREDATE, SAL, COMM, DEPTNO) VALUES (7900, 'JAMES', 'CLERK', 7698, '1981-12-03', 950, NULL, 30);
INSERT INTO EMP (EMPNO, ENAME, JOB, MGR, HIREDATE, SAL, COMM, DEPTNO) VALUES (7902, 'FORD', 'ANALYST', 7566, '1981-12-03', 3000, NULL, 20);
INSERT INTO EMP (EMPNO, ENAME, JOB, MGR, HIREDATE, SAL, COMM, DEPTNO) VALUES (7934, 'MILLER', 'CLERK', 7782, '1982-01-23', 1300, NULL, 10);

CREATE TABLE SALGRADE(
	GRADE number,
	LOSAL number,
	HISAL number
	);

INSERT INTO SALGRADE VALUES (1, 700, 1200);
INSERT INTO SALGRADE VALUES (2, 1201, 1400);
INSERT INTO SALGRADE VALUES (3, 1401, 2000);
INSERT INTO SALGRADE VALUES (4, 2001, 3000);
INSERT INTO SALGRADE VALUES (5, 3001, 9999);
